fold,accuracy,f1_macro
1,0.92,0.92
2,0.925,0.9233649331618768
3,0.92,0.9203190883190884
4,0.9,0.8986676016830295
5,0.925,0.9251468543375239
